--------------------------------------------------------
--  File created - יום שבת-ינואר-17-2026   
--------------------------------------------------------
--------------------------------------------------------
--  DDL for Sequence CART_SEQ
--------------------------------------------------------

   CREATE SEQUENCE  "TRAVEL_PROJECT"."CART_SEQ"  MINVALUE 1 MAXVALUE 9999999999999999999999999999 INCREMENT BY 1 START WITH 1 CACHE 20 NOORDER  NOCYCLE
--------------------------------------------------------
--  DDL for Sequence ORDERS_SEQ
--------------------------------------------------------

   CREATE SEQUENCE  "TRAVEL_PROJECT"."ORDERS_SEQ"  MINVALUE 1 MAXVALUE 9999999999999999999999999999 INCREMENT BY 1 START WITH 101 CACHE 20 NOORDER  NOCYCLE
--------------------------------------------------------
--  DDL for Sequence SEQ_SITE_REVIEWS
--------------------------------------------------------

   CREATE SEQUENCE  "TRAVEL_PROJECT"."SEQ_SITE_REVIEWS"  MINVALUE 1 MAXVALUE 9999999999999999999999999999 INCREMENT BY 1 START WITH 21 CACHE 20 NOORDER  NOCYCLE
--------------------------------------------------------
--  DDL for Sequence SEQ_TRIP_REVIEWS
--------------------------------------------------------

   CREATE SEQUENCE  "TRAVEL_PROJECT"."SEQ_TRIP_REVIEWS"  MINVALUE 1 MAXVALUE 9999999999999999999999999999 INCREMENT BY 1 START WITH 41 CACHE 20 NOORDER  NOCYCLE
--------------------------------------------------------
--  DDL for Sequence SITE_REVIEWS_SEQ
--------------------------------------------------------

   CREATE SEQUENCE  "TRAVEL_PROJECT"."SITE_REVIEWS_SEQ"  MINVALUE 1 MAXVALUE 9999999999999999999999999999 INCREMENT BY 1 START WITH 21 CACHE 20 NOORDER  NOCYCLE
--------------------------------------------------------
--  DDL for Sequence TRIP_INSTANCES_SEQ
--------------------------------------------------------

   CREATE SEQUENCE  "TRAVEL_PROJECT"."TRIP_INSTANCES_SEQ"  MINVALUE 1 MAXVALUE 9999999999999999999999999999 INCREMENT BY 1 START WITH 121 CACHE 20 NOORDER  NOCYCLE
--------------------------------------------------------
--  DDL for Sequence TRIPS_SEQ
--------------------------------------------------------

   CREATE SEQUENCE  "TRAVEL_PROJECT"."TRIPS_SEQ"  MINVALUE 1 MAXVALUE 9999999999999999999999999999 INCREMENT BY 1 START WITH 181 CACHE 20 NOORDER  NOCYCLE
--------------------------------------------------------
--  DDL for Sequence USERS_SEQ
--------------------------------------------------------

   CREATE SEQUENCE  "TRAVEL_PROJECT"."USERS_SEQ"  MINVALUE 1 MAXVALUE 9999999999999999999999999999 INCREMENT BY 10 START WITH 1001 CACHE 20 NOORDER  NOCYCLE
--------------------------------------------------------
--  DDL for Table ADMIN
--------------------------------------------------------

  CREATE TABLE "TRAVEL_PROJECT"."ADMIN" 
   (	"USER_ID" NUMBER(10,0), 
	"FIRST_NAME" VARCHAR2(50), 
	"LAST_NAME" VARCHAR2(50), 
	 PRIMARY KEY ("USER_ID")
  USING INDEX PCTFREE 10 INITRANS 2 MAXTRANS 255 COMPUTE STATISTICS 
  STORAGE(INITIAL 65536 NEXT 1048576 MINEXTENTS 1 MAXEXTENTS 2147483645
  PCTINCREASE 0 FREELISTS 1 FREELIST GROUPS 1 BUFFER_POOL DEFAULT FLASH_CACHE DEFAULT CELL_FLASH_CACHE DEFAULT)
  TABLESPACE "SYSTEM"  ENABLE
   ) SEGMENT CREATION IMMEDIATE 
  PCTFREE 10 PCTUSED 40 INITRANS 1 MAXTRANS 255 NOCOMPRESS LOGGING
  STORAGE(INITIAL 65536 NEXT 1048576 MINEXTENTS 1 MAXEXTENTS 2147483645
  PCTINCREASE 0 FREELISTS 1 FREELIST GROUPS 1 BUFFER_POOL DEFAULT FLASH_CACHE DEFAULT CELL_FLASH_CACHE DEFAULT)
  TABLESPACE "SYSTEM"
--------------------------------------------------------
--  DDL for Table CART
--------------------------------------------------------

  CREATE TABLE "TRAVEL_PROJECT"."CART" 
   (	"ID" NUMBER, 
	"USER_ID" NUMBER NOT NULL ENABLE, 
	"INSTANCE_ID" NUMBER NOT NULL ENABLE, 
	"ADDED_DATE" TIMESTAMP (6) DEFAULT CURRENT_TIMESTAMP, 
	 PRIMARY KEY ("ID")
  USING INDEX PCTFREE 10 INITRANS 2 MAXTRANS 255 COMPUTE STATISTICS 
  STORAGE(INITIAL 65536 NEXT 1048576 MINEXTENTS 1 MAXEXTENTS 2147483645
  PCTINCREASE 0 FREELISTS 1 FREELIST GROUPS 1 BUFFER_POOL DEFAULT FLASH_CACHE DEFAULT CELL_FLASH_CACHE DEFAULT)
  TABLESPACE "SYSTEM"  ENABLE, 
	 CONSTRAINT "FK_CART_USER" FOREIGN KEY ("USER_ID")
	  REFERENCES "TRAVEL_PROJECT"."USERS" ("ID") ENABLE, 
	 CONSTRAINT "FK_CART_INSTANCE" FOREIGN KEY ("INSTANCE_ID")
	  REFERENCES "TRAVEL_PROJECT"."TRIP_INSTANCES" ("ID") ENABLE
   ) SEGMENT CREATION IMMEDIATE 
  PCTFREE 10 PCTUSED 40 INITRANS 1 MAXTRANS 255 NOCOMPRESS LOGGING
  STORAGE(INITIAL 65536 NEXT 1048576 MINEXTENTS 1 MAXEXTENTS 2147483645
  PCTINCREASE 0 FREELISTS 1 FREELIST GROUPS 1 BUFFER_POOL DEFAULT FLASH_CACHE DEFAULT CELL_FLASH_CACHE DEFAULT)
  TABLESPACE "SYSTEM"
--------------------------------------------------------
--  DDL for Table ORDERS
--------------------------------------------------------

  CREATE TABLE "TRAVEL_PROJECT"."ORDERS" 
   (	"ID" NUMBER, 
	"USER_ID" NUMBER NOT NULL ENABLE, 
	"INSTANCE_ID" NUMBER NOT NULL ENABLE, 
	"ORDER_DATE" TIMESTAMP (6) DEFAULT CURRENT_TIMESTAMP, 
	"STATUS" VARCHAR2(20) DEFAULT 'Confirmed', 
	"FILE_PATH" VARCHAR2(500), 
	"PAY_UNTIL" DATE, 
	"REMINDER_SENT" NUMBER(1,0) DEFAULT 0, 
	 PRIMARY KEY ("ID")
  USING INDEX PCTFREE 10 INITRANS 2 MAXTRANS 255 COMPUTE STATISTICS 
  STORAGE(INITIAL 65536 NEXT 1048576 MINEXTENTS 1 MAXEXTENTS 2147483645
  PCTINCREASE 0 FREELISTS 1 FREELIST GROUPS 1 BUFFER_POOL DEFAULT FLASH_CACHE DEFAULT CELL_FLASH_CACHE DEFAULT)
  TABLESPACE "SYSTEM"  ENABLE, 
	 CONSTRAINT "FK_ORDER_USER" FOREIGN KEY ("USER_ID")
	  REFERENCES "TRAVEL_PROJECT"."USERS" ("ID") ENABLE, 
	 CONSTRAINT "FK_ORDER_INSTANCE" FOREIGN KEY ("INSTANCE_ID")
	  REFERENCES "TRAVEL_PROJECT"."TRIP_INSTANCES" ("ID") ENABLE
   ) SEGMENT CREATION IMMEDIATE 
  PCTFREE 10 PCTUSED 40 INITRANS 1 MAXTRANS 255 NOCOMPRESS LOGGING
  STORAGE(INITIAL 65536 NEXT 1048576 MINEXTENTS 1 MAXEXTENTS 2147483645
  PCTINCREASE 0 FREELISTS 1 FREELIST GROUPS 1 BUFFER_POOL DEFAULT FLASH_CACHE DEFAULT CELL_FLASH_CACHE DEFAULT)
  TABLESPACE "SYSTEM"
--------------------------------------------------------
--  DDL for Table SITE_REVIEWS
--------------------------------------------------------

  CREATE TABLE "TRAVEL_PROJECT"."SITE_REVIEWS" 
   (	"ID" NUMBER, 
	"USER_ID" NUMBER, 
	"USER_NAME" VARCHAR2(100), 
	"RATING" NUMBER(1,0), 
	"COMMENT_TEXT" VARCHAR2(500), 
	"CREATED_AT" TIMESTAMP (6) DEFAULT CURRENT_TIMESTAMP, 
	 CHECK (RATING BETWEEN 1 AND 5) ENABLE, 
	 PRIMARY KEY ("ID")
  USING INDEX PCTFREE 10 INITRANS 2 MAXTRANS 255 COMPUTE STATISTICS 
  STORAGE(INITIAL 65536 NEXT 1048576 MINEXTENTS 1 MAXEXTENTS 2147483645
  PCTINCREASE 0 FREELISTS 1 FREELIST GROUPS 1 BUFFER_POOL DEFAULT FLASH_CACHE DEFAULT CELL_FLASH_CACHE DEFAULT)
  TABLESPACE "SYSTEM"  ENABLE, 
	 FOREIGN KEY ("USER_ID")
	  REFERENCES "TRAVEL_PROJECT"."USERS" ("ID") ENABLE
   ) SEGMENT CREATION IMMEDIATE 
  PCTFREE 10 PCTUSED 40 INITRANS 1 MAXTRANS 255 NOCOMPRESS LOGGING
  STORAGE(INITIAL 65536 NEXT 1048576 MINEXTENTS 1 MAXEXTENTS 2147483645
  PCTINCREASE 0 FREELISTS 1 FREELIST GROUPS 1 BUFFER_POOL DEFAULT FLASH_CACHE DEFAULT CELL_FLASH_CACHE DEFAULT)
  TABLESPACE "SYSTEM"
--------------------------------------------------------
--  DDL for Table TRIP_INSTANCES
--------------------------------------------------------

  CREATE TABLE "TRAVEL_PROJECT"."TRIP_INSTANCES" 
   (	"ID" NUMBER NOT NULL ENABLE, 
	"TRIP_MODEL_ID" NUMBER NOT NULL ENABLE, 
	"START_DATE" DATE NOT NULL ENABLE, 
	"END_DATE" DATE NOT NULL ENABLE, 
	"PRICE" NUMBER(10,2) NOT NULL ENABLE, 
	"ROOMS_AVAILABLE" NUMBER(5,0) NOT NULL ENABLE, 
	"ORIGINAL_PRICE" NUMBER(10,2), 
	"DISCOUNT_EXPIRATION" DATE, 
	"FILE_PATH" VARCHAR2(500), 
	"DESCRIPTION" CLOB, 
	"TRIPTYPE" VARCHAR2(100), 
	"AGELIMITATION" NUMBER(*,0) DEFAULT 0 NOT NULL ENABLE, 
	 CONSTRAINT "PK_TRIP_INSTANCES" PRIMARY KEY ("ID")
  USING INDEX PCTFREE 10 INITRANS 2 MAXTRANS 255 COMPUTE STATISTICS 
  STORAGE(INITIAL 65536 NEXT 1048576 MINEXTENTS 1 MAXEXTENTS 2147483645
  PCTINCREASE 0 FREELISTS 1 FREELIST GROUPS 1 BUFFER_POOL DEFAULT FLASH_CACHE DEFAULT CELL_FLASH_CACHE DEFAULT)
  TABLESPACE "SYSTEM"  ENABLE, 
	 CONSTRAINT "FK_TRIP_MODEL" FOREIGN KEY ("TRIP_MODEL_ID")
	  REFERENCES "TRAVEL_PROJECT"."TRIPS" ("ID") ENABLE
   ) SEGMENT CREATION IMMEDIATE 
  PCTFREE 10 PCTUSED 40 INITRANS 1 MAXTRANS 255 NOCOMPRESS LOGGING
  STORAGE(INITIAL 65536 NEXT 1048576 MINEXTENTS 1 MAXEXTENTS 2147483645
  PCTINCREASE 0 FREELISTS 1 FREELIST GROUPS 1 BUFFER_POOL DEFAULT FLASH_CACHE DEFAULT CELL_FLASH_CACHE DEFAULT)
  TABLESPACE "SYSTEM" 
 LOB ("DESCRIPTION") STORE AS BASICFILE (
  TABLESPACE "SYSTEM" ENABLE STORAGE IN ROW CHUNK 8192 RETENTION 
  NOCACHE LOGGING 
  STORAGE(INITIAL 65536 NEXT 1048576 MINEXTENTS 1 MAXEXTENTS 2147483645
  PCTINCREASE 0 FREELISTS 1 FREELIST GROUPS 1 BUFFER_POOL DEFAULT FLASH_CACHE DEFAULT CELL_FLASH_CACHE DEFAULT))
--------------------------------------------------------
--  DDL for Table TRIP_REVIEWS
--------------------------------------------------------

  CREATE TABLE "TRAVEL_PROJECT"."TRIP_REVIEWS" 
   (	"ID" NUMBER, 
	"TRIP_ID" NUMBER NOT NULL ENABLE, 
	"USER_ID" NUMBER NOT NULL ENABLE, 
	"RATING" NUMBER(1,0), 
	"COMMENT_TEXT" VARCHAR2(500), 
	"REVIEW_DATE" DATE DEFAULT SYSDATE, 
	 CONSTRAINT "CHK_TRIP_RATING" CHECK (RATING BETWEEN 1 AND 5) ENABLE, 
	 PRIMARY KEY ("ID")
  USING INDEX PCTFREE 10 INITRANS 2 MAXTRANS 255 COMPUTE STATISTICS 
  STORAGE(INITIAL 65536 NEXT 1048576 MINEXTENTS 1 MAXEXTENTS 2147483645
  PCTINCREASE 0 FREELISTS 1 FREELIST GROUPS 1 BUFFER_POOL DEFAULT FLASH_CACHE DEFAULT CELL_FLASH_CACHE DEFAULT)
  TABLESPACE "SYSTEM"  ENABLE, 
	 CONSTRAINT "FK_REVIEW_TRIP" FOREIGN KEY ("TRIP_ID")
	  REFERENCES "TRAVEL_PROJECT"."TRIPS" ("ID") ENABLE, 
	 CONSTRAINT "FK_REVIEW_USER" FOREIGN KEY ("USER_ID")
	  REFERENCES "TRAVEL_PROJECT"."USERS" ("ID") ENABLE
   ) SEGMENT CREATION IMMEDIATE 
  PCTFREE 10 PCTUSED 40 INITRANS 1 MAXTRANS 255 NOCOMPRESS LOGGING
  STORAGE(INITIAL 65536 NEXT 1048576 MINEXTENTS 1 MAXEXTENTS 2147483645
  PCTINCREASE 0 FREELISTS 1 FREELIST GROUPS 1 BUFFER_POOL DEFAULT FLASH_CACHE DEFAULT CELL_FLASH_CACHE DEFAULT)
  TABLESPACE "SYSTEM"
--------------------------------------------------------
--  DDL for Table TRIPS
--------------------------------------------------------

  CREATE TABLE "TRAVEL_PROJECT"."TRIPS" 
   (	"ID" NUMBER(10,0) NOT NULL ENABLE, 
	"DESTINATION" NVARCHAR2(200) NOT NULL ENABLE, 
	"COUNTRY" NVARCHAR2(200) NOT NULL ENABLE, 
	"TRIPTYPE" NVARCHAR2(200), 
	"AGELIMIT" NUMBER(10,0), 
	"DESCRIPTION" NVARCHAR2(2000), 
	"IMAGEPATHS" NVARCHAR2(2000), 
	 CONSTRAINT "PK_TRIPS" PRIMARY KEY ("ID")
  USING INDEX PCTFREE 10 INITRANS 2 MAXTRANS 255 COMPUTE STATISTICS 
  STORAGE(INITIAL 65536 NEXT 1048576 MINEXTENTS 1 MAXEXTENTS 2147483645
  PCTINCREASE 0 FREELISTS 1 FREELIST GROUPS 1 BUFFER_POOL DEFAULT FLASH_CACHE DEFAULT CELL_FLASH_CACHE DEFAULT)
  TABLESPACE "SYSTEM"  ENABLE
   ) SEGMENT CREATION IMMEDIATE 
  PCTFREE 10 PCTUSED 40 INITRANS 1 MAXTRANS 255 NOCOMPRESS LOGGING
  STORAGE(INITIAL 65536 NEXT 1048576 MINEXTENTS 1 MAXEXTENTS 2147483645
  PCTINCREASE 0 FREELISTS 1 FREELIST GROUPS 1 BUFFER_POOL DEFAULT FLASH_CACHE DEFAULT CELL_FLASH_CACHE DEFAULT)
  TABLESPACE "SYSTEM"
--------------------------------------------------------
--  DDL for Table USERS
--------------------------------------------------------

  CREATE TABLE "TRAVEL_PROJECT"."USERS" 
   (	"ID" NUMBER, 
	"USERNAME" VARCHAR2(20) NOT NULL ENABLE, 
	"EMAIL" VARCHAR2(100) NOT NULL ENABLE, 
	"PASSWORD" VARCHAR2(100) NOT NULL ENABLE, 
	"FIRST_NAME" VARCHAR2(50) NOT NULL ENABLE, 
	"LAST_NAME" VARCHAR2(50) NOT NULL ENABLE, 
	"IS_ADMIN" NUMBER(1,0) DEFAULT 0, 
	 PRIMARY KEY ("ID")
  USING INDEX PCTFREE 10 INITRANS 2 MAXTRANS 255 COMPUTE STATISTICS 
  STORAGE(INITIAL 65536 NEXT 1048576 MINEXTENTS 1 MAXEXTENTS 2147483645
  PCTINCREASE 0 FREELISTS 1 FREELIST GROUPS 1 BUFFER_POOL DEFAULT FLASH_CACHE DEFAULT CELL_FLASH_CACHE DEFAULT)
  TABLESPACE "SYSTEM"  ENABLE, 
	 CONSTRAINT "UK_USERS_EMAIL" UNIQUE ("EMAIL")
  USING INDEX PCTFREE 10 INITRANS 2 MAXTRANS 255 COMPUTE STATISTICS 
  STORAGE(INITIAL 65536 NEXT 1048576 MINEXTENTS 1 MAXEXTENTS 2147483645
  PCTINCREASE 0 FREELISTS 1 FREELIST GROUPS 1 BUFFER_POOL DEFAULT FLASH_CACHE DEFAULT CELL_FLASH_CACHE DEFAULT)
  TABLESPACE "SYSTEM"  ENABLE, 
	 CONSTRAINT "UK_USERS_USERNAME" UNIQUE ("USERNAME")
  USING INDEX PCTFREE 10 INITRANS 2 MAXTRANS 255 COMPUTE STATISTICS 
  STORAGE(INITIAL 65536 NEXT 1048576 MINEXTENTS 1 MAXEXTENTS 2147483645
  PCTINCREASE 0 FREELISTS 1 FREELIST GROUPS 1 BUFFER_POOL DEFAULT FLASH_CACHE DEFAULT CELL_FLASH_CACHE DEFAULT)
  TABLESPACE "SYSTEM"  ENABLE, 
	 CONSTRAINT "UK_USERS_PASSWORD" UNIQUE ("PASSWORD")
  USING INDEX PCTFREE 10 INITRANS 2 MAXTRANS 255 COMPUTE STATISTICS 
  STORAGE(INITIAL 65536 NEXT 1048576 MINEXTENTS 1 MAXEXTENTS 2147483645
  PCTINCREASE 0 FREELISTS 1 FREELIST GROUPS 1 BUFFER_POOL DEFAULT FLASH_CACHE DEFAULT CELL_FLASH_CACHE DEFAULT)
  TABLESPACE "SYSTEM"  ENABLE
   ) SEGMENT CREATION IMMEDIATE 
  PCTFREE 10 PCTUSED 40 INITRANS 1 MAXTRANS 255 NOCOMPRESS LOGGING
  STORAGE(INITIAL 65536 NEXT 1048576 MINEXTENTS 1 MAXEXTENTS 2147483645
  PCTINCREASE 0 FREELISTS 1 FREELIST GROUPS 1 BUFFER_POOL DEFAULT FLASH_CACHE DEFAULT CELL_FLASH_CACHE DEFAULT)
  TABLESPACE "SYSTEM"
REM INSERTING into TRAVEL_PROJECT.ADMIN
SET DEFINE OFF;
Insert into TRAVEL_PROJECT.ADMIN (USER_ID,FIRST_NAME,LAST_NAME) values (123456,'Alon','Dar');
Insert into TRAVEL_PROJECT.ADMIN (USER_ID,FIRST_NAME,LAST_NAME) values (123,'david','ron');
REM INSERTING into TRAVEL_PROJECT.CART
SET DEFINE OFF;
REM INSERTING into TRAVEL_PROJECT.ORDERS
SET DEFINE OFF;
Insert into TRAVEL_PROJECT.ORDERS (ID,USER_ID,INSTANCE_ID,ORDER_DATE,STATUS,FILE_PATH,PAY_UNTIL,REMINDER_SENT) values (79,831,68,to_timestamp('17-ינואר  -2026 20:41:22.995000000','DD-MON-RRRR HH24:MI:SSXFF'),'Confirmed',null,null,0);
Insert into TRAVEL_PROJECT.ORDERS (ID,USER_ID,INSTANCE_ID,ORDER_DATE,STATUS,FILE_PATH,PAY_UNTIL,REMINDER_SENT) values (80,651,80,to_timestamp('17-ינואר  -2026 21:13:15.795000000','DD-MON-RRRR HH24:MI:SSXFF'),'Confirmed',null,null,0);
Insert into TRAVEL_PROJECT.ORDERS (ID,USER_ID,INSTANCE_ID,ORDER_DATE,STATUS,FILE_PATH,PAY_UNTIL,REMINDER_SENT) values (81,631,80,to_timestamp('17-ינואר  -2026 21:21:11.375000000','DD-MON-RRRR HH24:MI:SSXFF'),'Cancelled',null,null,0);
Insert into TRAVEL_PROJECT.ORDERS (ID,USER_ID,INSTANCE_ID,ORDER_DATE,STATUS,FILE_PATH,PAY_UNTIL,REMINDER_SENT) values (82,631,88,to_timestamp('17-ינואר  -2026 21:24:01.653000000','DD-MON-RRRR HH24:MI:SSXFF'),'Confirmed',null,null,0);
Insert into TRAVEL_PROJECT.ORDERS (ID,USER_ID,INSTANCE_ID,ORDER_DATE,STATUS,FILE_PATH,PAY_UNTIL,REMINDER_SENT) values (83,651,68,to_timestamp('17-ינואר  -2026 22:22:00.633000000','DD-MON-RRRR HH24:MI:SSXFF'),'Confirmed',null,null,0);
Insert into TRAVEL_PROJECT.ORDERS (ID,USER_ID,INSTANCE_ID,ORDER_DATE,STATUS,FILE_PATH,PAY_UNTIL,REMINDER_SENT) values (84,411,72,to_timestamp('17-ינואר  -2026 22:48:07.874000000','DD-MON-RRRR HH24:MI:SSXFF'),'Confirmed',null,null,1);
Insert into TRAVEL_PROJECT.ORDERS (ID,USER_ID,INSTANCE_ID,ORDER_DATE,STATUS,FILE_PATH,PAY_UNTIL,REMINDER_SENT) values (85,411,94,to_timestamp('17-ינואר  -2026 22:48:25.882000000','DD-MON-RRRR HH24:MI:SSXFF'),'Confirmed',null,null,0);
REM INSERTING into TRAVEL_PROJECT.SITE_REVIEWS
SET DEFINE OFF;
Insert into TRAVEL_PROJECT.SITE_REVIEWS (ID,USER_ID,USER_NAME,RATING,COMMENT_TEXT,CREATED_AT) values (6,411,'mor',5,'אתר מושלםם',to_timestamp('17-ינואר  -2026 22:49:53.534000000','DD-MON-RRRR HH24:MI:SSXFF'));
Insert into TRAVEL_PROJECT.SITE_REVIEWS (ID,USER_ID,USER_NAME,RATING,COMMENT_TEXT,CREATED_AT) values (4,831,'shira',4,'אתר נגיש ומהמם',to_timestamp('17-ינואר  -2026 20:38:47.453000000','DD-MON-RRRR HH24:MI:SSXFF'));
Insert into TRAVEL_PROJECT.SITE_REVIEWS (ID,USER_ID,USER_NAME,RATING,COMMENT_TEXT,CREATED_AT) values (5,651,'david',5,'אתר איכותי וזמין',to_timestamp('17-ינואר  -2026 21:20:53.084000000','DD-MON-RRRR HH24:MI:SSXFF'));
REM INSERTING into TRAVEL_PROJECT.TRIP_INSTANCES
SET DEFINE OFF;
Insert into TRAVEL_PROJECT.TRIP_INSTANCES (ID,TRIP_MODEL_ID,START_DATE,END_DATE,PRICE,ROOMS_AVAILABLE,ORIGINAL_PRICE,DISCOUNT_EXPIRATION,FILE_PATH,TRIPTYPE,AGELIMITATION) values (68,165,to_date('20-ינואר  -2026','DD-MON-RRRR'),to_date('29-ינואר  -2026','DD-MON-RRRR'),7000,3,null,null,'/uploads/itineraries/c3d3d0ae-f3a9-4b2b-9387-3ca4cc0157bc_Beige Simple Travel Instagram Post.pdf','משפחה',5);
Insert into TRAVEL_PROJECT.TRIP_INSTANCES (ID,TRIP_MODEL_ID,START_DATE,END_DATE,PRICE,ROOMS_AVAILABLE,ORIGINAL_PRICE,DISCOUNT_EXPIRATION,FILE_PATH,TRIPTYPE,AGELIMITATION) values (69,165,to_date('20-ינואר  -2026','DD-MON-RRRR'),to_date('29-ינואר  -2026','DD-MON-RRRR'),10000,16,null,null,null,'ירח דבש',18);
Insert into TRAVEL_PROJECT.TRIP_INSTANCES (ID,TRIP_MODEL_ID,START_DATE,END_DATE,PRICE,ROOMS_AVAILABLE,ORIGINAL_PRICE,DISCOUNT_EXPIRATION,FILE_PATH,TRIPTYPE,AGELIMITATION) values (71,166,to_date('06-אפריל  -2026','DD-MON-RRRR'),to_date('30-ינואר  -2026','DD-MON-RRRR'),9000,16,null,null,null,'ירח דבש',18);
Insert into TRAVEL_PROJECT.TRIP_INSTANCES (ID,TRIP_MODEL_ID,START_DATE,END_DATE,PRICE,ROOMS_AVAILABLE,ORIGINAL_PRICE,DISCOUNT_EXPIRATION,FILE_PATH,TRIPTYPE,AGELIMITATION) values (72,166,to_date('22-ינואר  -2026','DD-MON-RRRR'),to_date('28-ינואר  -2026','DD-MON-RRRR'),8000,7,null,null,'/uploads/79012433-b706-4c1b-9bf0-8b98232eccd2.jpg','שיט',0);
Insert into TRAVEL_PROJECT.TRIP_INSTANCES (ID,TRIP_MODEL_ID,START_DATE,END_DATE,PRICE,ROOMS_AVAILABLE,ORIGINAL_PRICE,DISCOUNT_EXPIRATION,FILE_PATH,TRIPTYPE,AGELIMITATION) values (74,167,to_date('22-מרץ    -2026','DD-MON-RRRR'),to_date('31-מרץ    -2026','DD-MON-RRRR'),12000,6,null,null,null,'הרפתקאות',2);
Insert into TRAVEL_PROJECT.TRIP_INSTANCES (ID,TRIP_MODEL_ID,START_DATE,END_DATE,PRICE,ROOMS_AVAILABLE,ORIGINAL_PRICE,DISCOUNT_EXPIRATION,FILE_PATH,TRIPTYPE,AGELIMITATION) values (75,167,to_date('15-מרץ    -2026','DD-MON-RRRR'),to_date('30-מרץ    -2026','DD-MON-RRRR'),5600,9,7000,null,null,'משפחה',0);
Insert into TRAVEL_PROJECT.TRIP_INSTANCES (ID,TRIP_MODEL_ID,START_DATE,END_DATE,PRICE,ROOMS_AVAILABLE,ORIGINAL_PRICE,DISCOUNT_EXPIRATION,FILE_PATH,TRIPTYPE,AGELIMITATION) values (79,171,to_date('22-אפריל  -2026','DD-MON-RRRR'),to_date('28-אפריל  -2026','DD-MON-RRRR'),10000,20,null,null,null,'יוקרה',0);
Insert into TRAVEL_PROJECT.TRIP_INSTANCES (ID,TRIP_MODEL_ID,START_DATE,END_DATE,PRICE,ROOMS_AVAILABLE,ORIGINAL_PRICE,DISCOUNT_EXPIRATION,FILE_PATH,TRIPTYPE,AGELIMITATION) values (80,168,to_date('15-מרץ    -2026','DD-MON-RRRR'),to_date('31-מרץ    -2026','DD-MON-RRRR'),6000,8,null,null,'/uploads/itineraries/747f5c5c-b0f7-4c0a-8b1f-2308726bbc11_Beige Simple Travel Instagram Post (2).pdf','משפחה',0);
Insert into TRAVEL_PROJECT.TRIP_INSTANCES (ID,TRIP_MODEL_ID,START_DATE,END_DATE,PRICE,ROOMS_AVAILABLE,ORIGINAL_PRICE,DISCOUNT_EXPIRATION,FILE_PATH,TRIPTYPE,AGELIMITATION) values (81,168,to_date('31-מרץ    -2026','DD-MON-RRRR'),to_date('12-אפריל  -2026','DD-MON-RRRR'),16000,19,null,null,null,'יוקרה',0);
Insert into TRAVEL_PROJECT.TRIP_INSTANCES (ID,TRIP_MODEL_ID,START_DATE,END_DATE,PRICE,ROOMS_AVAILABLE,ORIGINAL_PRICE,DISCOUNT_EXPIRATION,FILE_PATH,TRIPTYPE,AGELIMITATION) values (82,169,to_date('21-ינואר  -2026','DD-MON-RRRR'),to_date('28-ינואר  -2026','DD-MON-RRRR'),7200,12,8000,to_date('20-ינואר  -2026','DD-MON-RRRR'),null,'משפחה',0);
Insert into TRAVEL_PROJECT.TRIP_INSTANCES (ID,TRIP_MODEL_ID,START_DATE,END_DATE,PRICE,ROOMS_AVAILABLE,ORIGINAL_PRICE,DISCOUNT_EXPIRATION,FILE_PATH,TRIPTYPE,AGELIMITATION) values (83,170,to_date('22-פברואר -2026','DD-MON-RRRR'),to_date('05-מרץ    -2026','DD-MON-RRRR'),9000,16,null,null,'/uploads/itineraries/37bbd254-7e62-43bb-9359-3f4eb21995bb_Beige Simple Travel Instagram Post (8).pdf','משפחה',0);
Insert into TRAVEL_PROJECT.TRIP_INSTANCES (ID,TRIP_MODEL_ID,START_DATE,END_DATE,PRICE,ROOMS_AVAILABLE,ORIGINAL_PRICE,DISCOUNT_EXPIRATION,FILE_PATH,TRIPTYPE,AGELIMITATION) values (84,172,to_date('08-אפריל  -2026','DD-MON-RRRR'),to_date('29-אפריל  -2026','DD-MON-RRRR'),12000,15,null,null,'/uploads/itineraries/51156720-c1e6-431b-ada6-6c5cb1349763_Beige Simple Travel Instagram Post (5).pdf','ירח דבש',0);
Insert into TRAVEL_PROJECT.TRIP_INSTANCES (ID,TRIP_MODEL_ID,START_DATE,END_DATE,PRICE,ROOMS_AVAILABLE,ORIGINAL_PRICE,DISCOUNT_EXPIRATION,FILE_PATH,TRIPTYPE,AGELIMITATION) values (85,172,to_date('29-ינואר  -2026','DD-MON-RRRR'),to_date('05-פברואר -2026','DD-MON-RRRR'),16000,16,null,null,null,'שיט',0);
Insert into TRAVEL_PROJECT.TRIP_INSTANCES (ID,TRIP_MODEL_ID,START_DATE,END_DATE,PRICE,ROOMS_AVAILABLE,ORIGINAL_PRICE,DISCOUNT_EXPIRATION,FILE_PATH,TRIPTYPE,AGELIMITATION) values (86,173,to_date('28-ינואר  -2026','DD-MON-RRRR'),to_date('12-פברואר -2026','DD-MON-RRRR'),6000,15,null,null,'/uploads/itineraries/8f2d0c1e-aac6-4086-a05b-e2e2906491df_Beige Simple Travel Instagram Post (4).pdf','משפחה',0);
Insert into TRAVEL_PROJECT.TRIP_INSTANCES (ID,TRIP_MODEL_ID,START_DATE,END_DATE,PRICE,ROOMS_AVAILABLE,ORIGINAL_PRICE,DISCOUNT_EXPIRATION,FILE_PATH,TRIPTYPE,AGELIMITATION) values (87,173,to_date('10-פברואר -2026','DD-MON-RRRR'),to_date('17-פברואר -2026','DD-MON-RRRR'),14000,14,null,null,null,'ירח דבש',0);
Insert into TRAVEL_PROJECT.TRIP_INSTANCES (ID,TRIP_MODEL_ID,START_DATE,END_DATE,PRICE,ROOMS_AVAILABLE,ORIGINAL_PRICE,DISCOUNT_EXPIRATION,FILE_PATH,TRIPTYPE,AGELIMITATION) values (88,165,to_date('28-ינואר  -2026','DD-MON-RRRR'),to_date('04-פברואר -2026','DD-MON-RRRR'),17000,5,null,null,null,'יוקרה',0);
Insert into TRAVEL_PROJECT.TRIP_INSTANCES (ID,TRIP_MODEL_ID,START_DATE,END_DATE,PRICE,ROOMS_AVAILABLE,ORIGINAL_PRICE,DISCOUNT_EXPIRATION,FILE_PATH,TRIPTYPE,AGELIMITATION) values (89,165,to_date('16-פברואר -2026','DD-MON-RRRR'),to_date('24-פברואר -2026','DD-MON-RRRR'),14000,17,null,null,null,'הרפתקאות',6);
Insert into TRAVEL_PROJECT.TRIP_INSTANCES (ID,TRIP_MODEL_ID,START_DATE,END_DATE,PRICE,ROOMS_AVAILABLE,ORIGINAL_PRICE,DISCOUNT_EXPIRATION,FILE_PATH,TRIPTYPE,AGELIMITATION) values (90,165,to_date('07-יוני   -2026','DD-MON-RRRR'),to_date('30-יוני   -2026','DD-MON-RRRR'),14000,16,null,null,null,'משפחה',0);
Insert into TRAVEL_PROJECT.TRIP_INSTANCES (ID,TRIP_MODEL_ID,START_DATE,END_DATE,PRICE,ROOMS_AVAILABLE,ORIGINAL_PRICE,DISCOUNT_EXPIRATION,FILE_PATH,TRIPTYPE,AGELIMITATION) values (91,171,to_date('18-פברואר -2026','DD-MON-RRRR'),to_date('26-פברואר -2026','DD-MON-RRRR'),8000,6,null,null,null,'משפחה',0);
Insert into TRAVEL_PROJECT.TRIP_INSTANCES (ID,TRIP_MODEL_ID,START_DATE,END_DATE,PRICE,ROOMS_AVAILABLE,ORIGINAL_PRICE,DISCOUNT_EXPIRATION,FILE_PATH,TRIPTYPE,AGELIMITATION) values (92,171,to_date('10-פברואר -2026','DD-MON-RRRR'),to_date('24-פברואר -2026','DD-MON-RRRR'),16000,5,null,null,'/uploads/itineraries/df99ba27-f9e8-4a35-a3d4-504270385eed_Beige Simple Travel Instagram Post (6).pdf','יוקרה',0);
Insert into TRAVEL_PROJECT.TRIP_INSTANCES (ID,TRIP_MODEL_ID,START_DATE,END_DATE,PRICE,ROOMS_AVAILABLE,ORIGINAL_PRICE,DISCOUNT_EXPIRATION,FILE_PATH,TRIPTYPE,AGELIMITATION) values (96,167,to_date('05-אפריל  -2026','DD-MON-RRRR'),to_date('26-אפריל  -2026','DD-MON-RRRR'),8000,9,null,null,null,'משפחה',1);
Insert into TRAVEL_PROJECT.TRIP_INSTANCES (ID,TRIP_MODEL_ID,START_DATE,END_DATE,PRICE,ROOMS_AVAILABLE,ORIGINAL_PRICE,DISCOUNT_EXPIRATION,FILE_PATH,TRIPTYPE,AGELIMITATION) values (94,175,to_date('27-ינואר  -2026','DD-MON-RRRR'),to_date('06-פברואר -2026','DD-MON-RRRR'),9000,5,null,null,'/uploads/itineraries/1a83a7ac-5f72-448f-aa63-c7910f0cf30e_Beige Simple Travel Instagram Post (7).pdf','משפחה',3);
Insert into TRAVEL_PROJECT.TRIP_INSTANCES (ID,TRIP_MODEL_ID,START_DATE,END_DATE,PRICE,ROOMS_AVAILABLE,ORIGINAL_PRICE,DISCOUNT_EXPIRATION,FILE_PATH,TRIPTYPE,AGELIMITATION) values (95,167,to_date('18-ינואר  -2026','DD-MON-RRRR'),to_date('28-ינואר  -2026','DD-MON-RRRR'),9000,9,null,null,null,'ירח דבש',18);
Insert into TRAVEL_PROJECT.TRIP_INSTANCES (ID,TRIP_MODEL_ID,START_DATE,END_DATE,PRICE,ROOMS_AVAILABLE,ORIGINAL_PRICE,DISCOUNT_EXPIRATION,FILE_PATH,TRIPTYPE,AGELIMITATION) values (97,166,to_date('17-פברואר -2026','DD-MON-RRRR'),to_date('24-פברואר -2026','DD-MON-RRRR'),5600,9,8000,to_date('25-ינואר  -2026','DD-MON-RRRR'),null,'משפחה',2);
Insert into TRAVEL_PROJECT.TRIP_INSTANCES (ID,TRIP_MODEL_ID,START_DATE,END_DATE,PRICE,ROOMS_AVAILABLE,ORIGINAL_PRICE,DISCOUNT_EXPIRATION,FILE_PATH,TRIPTYPE,AGELIMITATION) values (98,166,to_date('15-מרץ    -2026','DD-MON-RRRR'),to_date('30-מרץ    -2026','DD-MON-RRRR'),15000,9,null,null,null,'יוקרה',3);
Insert into TRAVEL_PROJECT.TRIP_INSTANCES (ID,TRIP_MODEL_ID,START_DATE,END_DATE,PRICE,ROOMS_AVAILABLE,ORIGINAL_PRICE,DISCOUNT_EXPIRATION,FILE_PATH,TRIPTYPE,AGELIMITATION) values (99,170,to_date('12-אפריל  -2026','DD-MON-RRRR'),to_date('27-אפריל  -2026','DD-MON-RRRR'),14000,6,null,null,null,'ירח דבש',18);
Insert into TRAVEL_PROJECT.TRIP_INSTANCES (ID,TRIP_MODEL_ID,START_DATE,END_DATE,PRICE,ROOMS_AVAILABLE,ORIGINAL_PRICE,DISCOUNT_EXPIRATION,FILE_PATH,TRIPTYPE,AGELIMITATION) values (100,170,to_date('12-אפריל  -2026','DD-MON-RRRR'),to_date('27-אפריל  -2026','DD-MON-RRRR'),14000,15,null,null,null,'ירח דבש',18);
Insert into TRAVEL_PROJECT.TRIP_INSTANCES (ID,TRIP_MODEL_ID,START_DATE,END_DATE,PRICE,ROOMS_AVAILABLE,ORIGINAL_PRICE,DISCOUNT_EXPIRATION,FILE_PATH,TRIPTYPE,AGELIMITATION) values (101,170,to_date('22-מרץ    -2026','DD-MON-RRRR'),to_date('29-מרץ    -2026','DD-MON-RRRR'),12000,6,null,null,null,'הרפתקאות',2);
Insert into TRAVEL_PROJECT.TRIP_INSTANCES (ID,TRIP_MODEL_ID,START_DATE,END_DATE,PRICE,ROOMS_AVAILABLE,ORIGINAL_PRICE,DISCOUNT_EXPIRATION,FILE_PATH,TRIPTYPE,AGELIMITATION) values (102,170,to_date('13-אפריל  -2026','DD-MON-RRRR'),to_date('27-אפריל  -2026','DD-MON-RRRR'),9000,9,null,null,null,'שיט',2);
Insert into TRAVEL_PROJECT.TRIP_INSTANCES (ID,TRIP_MODEL_ID,START_DATE,END_DATE,PRICE,ROOMS_AVAILABLE,ORIGINAL_PRICE,DISCOUNT_EXPIRATION,FILE_PATH,TRIPTYPE,AGELIMITATION) values (103,175,to_date('16-מרץ    -2026','DD-MON-RRRR'),to_date('31-מרץ    -2026','DD-MON-RRRR'),15000,6,null,null,null,'ירח דבש',18);
Insert into TRAVEL_PROJECT.TRIP_INSTANCES (ID,TRIP_MODEL_ID,START_DATE,END_DATE,PRICE,ROOMS_AVAILABLE,ORIGINAL_PRICE,DISCOUNT_EXPIRATION,FILE_PATH,TRIPTYPE,AGELIMITATION) values (104,175,to_date('29-מרץ    -2026','DD-MON-RRRR'),to_date('09-אפריל  -2026','DD-MON-RRRR'),12000,6,null,null,null,'משפחה',0);
Insert into TRAVEL_PROJECT.TRIP_INSTANCES (ID,TRIP_MODEL_ID,START_DATE,END_DATE,PRICE,ROOMS_AVAILABLE,ORIGINAL_PRICE,DISCOUNT_EXPIRATION,FILE_PATH,TRIPTYPE,AGELIMITATION) values (105,175,to_date('21-אפריל  -2026','DD-MON-RRRR'),to_date('06-מאי    -2026','DD-MON-RRRR'),14450,8,17000,to_date('02-פברואר -2026','DD-MON-RRRR'),null,'הרפתקאות',3);
REM INSERTING into TRAVEL_PROJECT.TRIP_REVIEWS
SET DEFINE OFF;
Insert into TRAVEL_PROJECT.TRIP_REVIEWS (ID,TRIP_ID,USER_ID,RATING,COMMENT_TEXT,REVIEW_DATE) values (21,165,831,5,'טיול כיף וחוויתי',to_date('17-ינואר  -2026','DD-MON-RRRR'));
Insert into TRAVEL_PROJECT.TRIP_REVIEWS (ID,TRIP_ID,USER_ID,RATING,COMMENT_TEXT,REVIEW_DATE) values (22,168,651,4,'טיול מהמם, היה מושלם!',to_date('17-ינואר  -2026','DD-MON-RRRR'));
REM INSERTING into TRAVEL_PROJECT.TRIPS
SET DEFINE OFF;
Insert into TRAVEL_PROJECT.TRIPS (ID,DESTINATION,COUNTRY,TRIPTYPE,AGELIMIT,DESCRIPTION,IMAGEPATHS) values (166,'פריז','צרפת',null,null,null,'/images/a1534ae7-2f00-487f-b967-3053c8f3d839.jpg');
Insert into TRAVEL_PROJECT.TRIPS (ID,DESTINATION,COUNTRY,TRIPTYPE,AGELIMIT,DESCRIPTION,IMAGEPATHS) values (165,'ניו-יורק','ארצות הברית',null,null,null,'/images/c3397850-3029-41fb-a051-b6c72e295f5f.jpg');
Insert into TRAVEL_PROJECT.TRIPS (ID,DESTINATION,COUNTRY,TRIPTYPE,AGELIMIT,DESCRIPTION,IMAGEPATHS) values (167,'איטליה','רומא',null,null,null,'/images/ea209ca0-cb11-425c-8355-dfe1922d3a9e.jpg');
Insert into TRAVEL_PROJECT.TRIPS (ID,DESTINATION,COUNTRY,TRIPTYPE,AGELIMIT,DESCRIPTION,IMAGEPATHS) values (168,'פראג','צ''כיה',null,null,null,'/images/d4fc6bd0-58d0-4be2-aa1e-3862fea6189b.jpg');
Insert into TRAVEL_PROJECT.TRIPS (ID,DESTINATION,COUNTRY,TRIPTYPE,AGELIMIT,DESCRIPTION,IMAGEPATHS) values (169,'פנסילבניה','ארצות הברית',null,null,null,'/images/a9b44d82-3e73-4994-ac47-c666d37a0c90.jpg');
Insert into TRAVEL_PROJECT.TRIPS (ID,DESTINATION,COUNTRY,TRIPTYPE,AGELIMIT,DESCRIPTION,IMAGEPATHS) values (170,'מונטיראול','קנדה',null,null,null,'/images/788d49a3-217c-4f9f-a571-626da7f2077a.jpg');
Insert into TRAVEL_PROJECT.TRIPS (ID,DESTINATION,COUNTRY,TRIPTYPE,AGELIMIT,DESCRIPTION,IMAGEPATHS) values (171,'לונדון','אנגליה',null,null,null,'/images/1efc52eb-7023-48e0-8dc5-189d375f00e4.jpg');
Insert into TRAVEL_PROJECT.TRIPS (ID,DESTINATION,COUNTRY,TRIPTYPE,AGELIMIT,DESCRIPTION,IMAGEPATHS) values (172,'מדריד','ברצלונה',null,null,null,'/images/0b4da3b3-a1de-4d6e-bb47-bb6ea7941bf3.jpg');
Insert into TRAVEL_PROJECT.TRIPS (ID,DESTINATION,COUNTRY,TRIPTYPE,AGELIMIT,DESCRIPTION,IMAGEPATHS) values (173,'ונציה','איטליה',null,null,null,'/images/d677799a-a7d0-4bd8-83aa-61fda057812b.jpg');
Insert into TRAVEL_PROJECT.TRIPS (ID,DESTINATION,COUNTRY,TRIPTYPE,AGELIMIT,DESCRIPTION,IMAGEPATHS) values (175,'מיאמי','ארצות הברית',null,null,null,'/images/1ca25003-7aa1-4d19-8a7a-97c0b5c45bd0.jpg');
REM INSERTING into TRAVEL_PROJECT.USERS
SET DEFINE OFF;
Insert into TRAVEL_PROJECT.USERS (ID,USERNAME,EMAIL,PASSWORD,FIRST_NAME,LAST_NAME,IS_ADMIN) values (201,'noamm','maimon444@gmail.com','1234567','נועם','מימון',1);
Insert into TRAVEL_PROJECT.USERS (ID,USERNAME,EMAIL,PASSWORD,FIRST_NAME,LAST_NAME,IS_ADMIN) values (211,'noa','maimon4444@gmail.com','055669','רון','סבן',0);
Insert into TRAVEL_PROJECT.USERS (ID,USERNAME,EMAIL,PASSWORD,FIRST_NAME,LAST_NAME,IS_ADMIN) values (411,'mor','mor23@gmail.com','023','מור','פרץ',0);
Insert into TRAVEL_PROJECT.USERS (ID,USERNAME,EMAIL,PASSWORD,FIRST_NAME,LAST_NAME,IS_ADMIN) values (611,'raz','raz42@gmail.com','6666','רז','דדון',0);
Insert into TRAVEL_PROJECT.USERS (ID,USERNAME,EMAIL,PASSWORD,FIRST_NAME,LAST_NAME,IS_ADMIN) values (631,'ziv','ziv@gmail.com','4444','זיו','כהן',0);
Insert into TRAVEL_PROJECT.USERS (ID,USERNAME,EMAIL,PASSWORD,FIRST_NAME,LAST_NAME,IS_ADMIN) values (651,'david','david@gmail.com','9999','דוד','לוי',0);
Insert into TRAVEL_PROJECT.USERS (ID,USERNAME,EMAIL,PASSWORD,FIRST_NAME,LAST_NAME,IS_ADMIN) values (831,'shira','shira@gmail.com','1818','שירה','לוי',0);
--------------------------------------------------------
--  DDL for Index SYS_C007180
--------------------------------------------------------

  CREATE UNIQUE INDEX "TRAVEL_PROJECT"."SYS_C007180" ON "TRAVEL_PROJECT"."ADMIN" ("USER_ID") 
  PCTFREE 10 INITRANS 2 MAXTRANS 255 COMPUTE STATISTICS 
  STORAGE(INITIAL 65536 NEXT 1048576 MINEXTENTS 1 MAXEXTENTS 2147483645
  PCTINCREASE 0 FREELISTS 1 FREELIST GROUPS 1 BUFFER_POOL DEFAULT FLASH_CACHE DEFAULT CELL_FLASH_CACHE DEFAULT)
  TABLESPACE "SYSTEM"
--------------------------------------------------------
--  DDL for Index SYS_C007368
--------------------------------------------------------

  CREATE UNIQUE INDEX "TRAVEL_PROJECT"."SYS_C007368" ON "TRAVEL_PROJECT"."CART" ("ID") 
  PCTFREE 10 INITRANS 2 MAXTRANS 255 COMPUTE STATISTICS 
  STORAGE(INITIAL 65536 NEXT 1048576 MINEXTENTS 1 MAXEXTENTS 2147483645
  PCTINCREASE 0 FREELISTS 1 FREELIST GROUPS 1 BUFFER_POOL DEFAULT FLASH_CACHE DEFAULT CELL_FLASH_CACHE DEFAULT)
  TABLESPACE "SYSTEM"
--------------------------------------------------------
--  DDL for Index SYS_C007373
--------------------------------------------------------

  CREATE UNIQUE INDEX "TRAVEL_PROJECT"."SYS_C007373" ON "TRAVEL_PROJECT"."ORDERS" ("ID") 
  PCTFREE 10 INITRANS 2 MAXTRANS 255 COMPUTE STATISTICS 
  STORAGE(INITIAL 65536 NEXT 1048576 MINEXTENTS 1 MAXEXTENTS 2147483645
  PCTINCREASE 0 FREELISTS 1 FREELIST GROUPS 1 BUFFER_POOL DEFAULT FLASH_CACHE DEFAULT CELL_FLASH_CACHE DEFAULT)
  TABLESPACE "SYSTEM"
--------------------------------------------------------
--  DDL for Index SYS_C007506
--------------------------------------------------------

  CREATE UNIQUE INDEX "TRAVEL_PROJECT"."SYS_C007506" ON "TRAVEL_PROJECT"."SITE_REVIEWS" ("ID") 
  PCTFREE 10 INITRANS 2 MAXTRANS 255 COMPUTE STATISTICS 
  STORAGE(INITIAL 65536 NEXT 1048576 MINEXTENTS 1 MAXEXTENTS 2147483645
  PCTINCREASE 0 FREELISTS 1 FREELIST GROUPS 1 BUFFER_POOL DEFAULT FLASH_CACHE DEFAULT CELL_FLASH_CACHE DEFAULT)
  TABLESPACE "SYSTEM"
--------------------------------------------------------
--  DDL for Index PK_TRIP_INSTANCES
--------------------------------------------------------

  CREATE UNIQUE INDEX "TRAVEL_PROJECT"."PK_TRIP_INSTANCES" ON "TRAVEL_PROJECT"."TRIP_INSTANCES" ("ID") 
  PCTFREE 10 INITRANS 2 MAXTRANS 255 COMPUTE STATISTICS 
  STORAGE(INITIAL 65536 NEXT 1048576 MINEXTENTS 1 MAXEXTENTS 2147483645
  PCTINCREASE 0 FREELISTS 1 FREELIST GROUPS 1 BUFFER_POOL DEFAULT FLASH_CACHE DEFAULT CELL_FLASH_CACHE DEFAULT)
  TABLESPACE "SYSTEM"
--------------------------------------------------------
--  DDL for Index SYS_C007403
--------------------------------------------------------

  CREATE UNIQUE INDEX "TRAVEL_PROJECT"."SYS_C007403" ON "TRAVEL_PROJECT"."TRIP_REVIEWS" ("ID") 
  PCTFREE 10 INITRANS 2 MAXTRANS 255 COMPUTE STATISTICS 
  STORAGE(INITIAL 65536 NEXT 1048576 MINEXTENTS 1 MAXEXTENTS 2147483645
  PCTINCREASE 0 FREELISTS 1 FREELIST GROUPS 1 BUFFER_POOL DEFAULT FLASH_CACHE DEFAULT CELL_FLASH_CACHE DEFAULT)
  TABLESPACE "SYSTEM"
--------------------------------------------------------
--  DDL for Index PK_TRIPS
--------------------------------------------------------

  CREATE UNIQUE INDEX "TRAVEL_PROJECT"."PK_TRIPS" ON "TRAVEL_PROJECT"."TRIPS" ("ID") 
  PCTFREE 10 INITRANS 2 MAXTRANS 255 COMPUTE STATISTICS 
  STORAGE(INITIAL 65536 NEXT 1048576 MINEXTENTS 1 MAXEXTENTS 2147483645
  PCTINCREASE 0 FREELISTS 1 FREELIST GROUPS 1 BUFFER_POOL DEFAULT FLASH_CACHE DEFAULT CELL_FLASH_CACHE DEFAULT)
  TABLESPACE "SYSTEM"
--------------------------------------------------------
--  DDL for Index SYS_C007283
--------------------------------------------------------

  CREATE UNIQUE INDEX "TRAVEL_PROJECT"."SYS_C007283" ON "TRAVEL_PROJECT"."USERS" ("ID") 
  PCTFREE 10 INITRANS 2 MAXTRANS 255 COMPUTE STATISTICS 
  STORAGE(INITIAL 65536 NEXT 1048576 MINEXTENTS 1 MAXEXTENTS 2147483645
  PCTINCREASE 0 FREELISTS 1 FREELIST GROUPS 1 BUFFER_POOL DEFAULT FLASH_CACHE DEFAULT CELL_FLASH_CACHE DEFAULT)
  TABLESPACE "SYSTEM"
--------------------------------------------------------
--  DDL for Index UK_USERS_EMAIL
--------------------------------------------------------

  CREATE UNIQUE INDEX "TRAVEL_PROJECT"."UK_USERS_EMAIL" ON "TRAVEL_PROJECT"."USERS" ("EMAIL") 
  PCTFREE 10 INITRANS 2 MAXTRANS 255 COMPUTE STATISTICS 
  STORAGE(INITIAL 65536 NEXT 1048576 MINEXTENTS 1 MAXEXTENTS 2147483645
  PCTINCREASE 0 FREELISTS 1 FREELIST GROUPS 1 BUFFER_POOL DEFAULT FLASH_CACHE DEFAULT CELL_FLASH_CACHE DEFAULT)
  TABLESPACE "SYSTEM"
--------------------------------------------------------
--  DDL for Index UK_USERS_USERNAME
--------------------------------------------------------

  CREATE UNIQUE INDEX "TRAVEL_PROJECT"."UK_USERS_USERNAME" ON "TRAVEL_PROJECT"."USERS" ("USERNAME") 
  PCTFREE 10 INITRANS 2 MAXTRANS 255 COMPUTE STATISTICS 
  STORAGE(INITIAL 65536 NEXT 1048576 MINEXTENTS 1 MAXEXTENTS 2147483645
  PCTINCREASE 0 FREELISTS 1 FREELIST GROUPS 1 BUFFER_POOL DEFAULT FLASH_CACHE DEFAULT CELL_FLASH_CACHE DEFAULT)
  TABLESPACE "SYSTEM"
--------------------------------------------------------
--  DDL for Index UK_USERS_PASSWORD
--------------------------------------------------------

  CREATE UNIQUE INDEX "TRAVEL_PROJECT"."UK_USERS_PASSWORD" ON "TRAVEL_PROJECT"."USERS" ("PASSWORD") 
  PCTFREE 10 INITRANS 2 MAXTRANS 255 COMPUTE STATISTICS 
  STORAGE(INITIAL 65536 NEXT 1048576 MINEXTENTS 1 MAXEXTENTS 2147483645
  PCTINCREASE 0 FREELISTS 1 FREELIST GROUPS 1 BUFFER_POOL DEFAULT FLASH_CACHE DEFAULT CELL_FLASH_CACHE DEFAULT)
  TABLESPACE "SYSTEM"
--------------------------------------------------------
--  DDL for Trigger ORDERS_TRG
--------------------------------------------------------

  CREATE OR REPLACE TRIGGER "TRAVEL_PROJECT"."ORDERS_TRG" 
BEFORE INSERT ON TRAVEL_PROJECT.ORDERS 
FOR EACH ROW 
BEGIN 
  IF :NEW.ID IS NULL THEN 
    SELECT TRAVEL_PROJECT.ORDERS_SEQ.NEXTVAL INTO :NEW.ID FROM DUAL; 
  END IF; 
END;

ALTER TRIGGER "TRAVEL_PROJECT"."ORDERS_TRG" ENABLE
--------------------------------------------------------
--  DDL for Trigger SITE_REVIEWS_TRG
--------------------------------------------------------

  CREATE OR REPLACE TRIGGER "TRAVEL_PROJECT"."SITE_REVIEWS_TRG" 
BEFORE INSERT ON TRAVEL_PROJECT.SITE_REVIEWS
FOR EACH ROW
BEGIN
  IF :NEW.ID IS NULL THEN
    SELECT TRAVEL_PROJECT.SITE_REVIEWS_SEQ.NEXTVAL INTO :NEW.ID FROM DUAL;
  END IF;
END;

ALTER TRIGGER "TRAVEL_PROJECT"."SITE_REVIEWS_TRG" ENABLE
--------------------------------------------------------
--  DDL for Trigger TRG_TRIP_REVIEWS
--------------------------------------------------------

  CREATE OR REPLACE TRIGGER "TRAVEL_PROJECT"."TRG_TRIP_REVIEWS" 
BEFORE INSERT ON TRAVEL_PROJECT.TRIP_REVIEWS
FOR EACH ROW
BEGIN
  :NEW.ID := TRAVEL_PROJECT.SEQ_TRIP_REVIEWS.NEXTVAL;
END;

ALTER TRIGGER "TRAVEL_PROJECT"."TRG_TRIP_REVIEWS" ENABLE
--------------------------------------------------------
--  Constraints for Table ADMIN
--------------------------------------------------------

  ALTER TABLE "TRAVEL_PROJECT"."ADMIN" ADD PRIMARY KEY ("USER_ID")
  USING INDEX PCTFREE 10 INITRANS 2 MAXTRANS 255 COMPUTE STATISTICS 
  STORAGE(INITIAL 65536 NEXT 1048576 MINEXTENTS 1 MAXEXTENTS 2147483645
  PCTINCREASE 0 FREELISTS 1 FREELIST GROUPS 1 BUFFER_POOL DEFAULT FLASH_CACHE DEFAULT CELL_FLASH_CACHE DEFAULT)
  TABLESPACE "SYSTEM"  ENABLE
--------------------------------------------------------
--  Constraints for Table CART
--------------------------------------------------------

  ALTER TABLE "TRAVEL_PROJECT"."CART" ADD PRIMARY KEY ("ID")
  USING INDEX PCTFREE 10 INITRANS 2 MAXTRANS 255 COMPUTE STATISTICS 
  STORAGE(INITIAL 65536 NEXT 1048576 MINEXTENTS 1 MAXEXTENTS 2147483645
  PCTINCREASE 0 FREELISTS 1 FREELIST GROUPS 1 BUFFER_POOL DEFAULT FLASH_CACHE DEFAULT CELL_FLASH_CACHE DEFAULT)
  TABLESPACE "SYSTEM"  ENABLE
  ALTER TABLE "TRAVEL_PROJECT"."CART" MODIFY ("INSTANCE_ID" NOT NULL ENABLE)
  ALTER TABLE "TRAVEL_PROJECT"."CART" MODIFY ("USER_ID" NOT NULL ENABLE)
--------------------------------------------------------
--  Constraints for Table ORDERS
--------------------------------------------------------

  ALTER TABLE "TRAVEL_PROJECT"."ORDERS" ADD PRIMARY KEY ("ID")
  USING INDEX PCTFREE 10 INITRANS 2 MAXTRANS 255 COMPUTE STATISTICS 
  STORAGE(INITIAL 65536 NEXT 1048576 MINEXTENTS 1 MAXEXTENTS 2147483645
  PCTINCREASE 0 FREELISTS 1 FREELIST GROUPS 1 BUFFER_POOL DEFAULT FLASH_CACHE DEFAULT CELL_FLASH_CACHE DEFAULT)
  TABLESPACE "SYSTEM"  ENABLE
  ALTER TABLE "TRAVEL_PROJECT"."ORDERS" MODIFY ("INSTANCE_ID" NOT NULL ENABLE)
  ALTER TABLE "TRAVEL_PROJECT"."ORDERS" MODIFY ("USER_ID" NOT NULL ENABLE)
--------------------------------------------------------
--  Constraints for Table SITE_REVIEWS
--------------------------------------------------------

  ALTER TABLE "TRAVEL_PROJECT"."SITE_REVIEWS" ADD PRIMARY KEY ("ID")
  USING INDEX PCTFREE 10 INITRANS 2 MAXTRANS 255 COMPUTE STATISTICS 
  STORAGE(INITIAL 65536 NEXT 1048576 MINEXTENTS 1 MAXEXTENTS 2147483645
  PCTINCREASE 0 FREELISTS 1 FREELIST GROUPS 1 BUFFER_POOL DEFAULT FLASH_CACHE DEFAULT CELL_FLASH_CACHE DEFAULT)
  TABLESPACE "SYSTEM"  ENABLE
  ALTER TABLE "TRAVEL_PROJECT"."SITE_REVIEWS" ADD CHECK (RATING BETWEEN 1 AND 5) ENABLE
--------------------------------------------------------
--  Constraints for Table TRIP_INSTANCES
--------------------------------------------------------

  ALTER TABLE "TRAVEL_PROJECT"."TRIP_INSTANCES" ADD CONSTRAINT "PK_TRIP_INSTANCES" PRIMARY KEY ("ID")
  USING INDEX PCTFREE 10 INITRANS 2 MAXTRANS 255 COMPUTE STATISTICS 
  STORAGE(INITIAL 65536 NEXT 1048576 MINEXTENTS 1 MAXEXTENTS 2147483645
  PCTINCREASE 0 FREELISTS 1 FREELIST GROUPS 1 BUFFER_POOL DEFAULT FLASH_CACHE DEFAULT CELL_FLASH_CACHE DEFAULT)
  TABLESPACE "SYSTEM"  ENABLE
  ALTER TABLE "TRAVEL_PROJECT"."TRIP_INSTANCES" MODIFY ("ROOMS_AVAILABLE" NOT NULL ENABLE)
  ALTER TABLE "TRAVEL_PROJECT"."TRIP_INSTANCES" MODIFY ("PRICE" NOT NULL ENABLE)
  ALTER TABLE "TRAVEL_PROJECT"."TRIP_INSTANCES" MODIFY ("AGELIMITATION" NOT NULL ENABLE)
  ALTER TABLE "TRAVEL_PROJECT"."TRIP_INSTANCES" MODIFY ("END_DATE" NOT NULL ENABLE)
  ALTER TABLE "TRAVEL_PROJECT"."TRIP_INSTANCES" MODIFY ("START_DATE" NOT NULL ENABLE)
  ALTER TABLE "TRAVEL_PROJECT"."TRIP_INSTANCES" MODIFY ("TRIP_MODEL_ID" NOT NULL ENABLE)
  ALTER TABLE "TRAVEL_PROJECT"."TRIP_INSTANCES" MODIFY ("ID" NOT NULL ENABLE)
--------------------------------------------------------
--  Constraints for Table TRIP_REVIEWS
--------------------------------------------------------

  ALTER TABLE "TRAVEL_PROJECT"."TRIP_REVIEWS" ADD PRIMARY KEY ("ID")
  USING INDEX PCTFREE 10 INITRANS 2 MAXTRANS 255 COMPUTE STATISTICS 
  STORAGE(INITIAL 65536 NEXT 1048576 MINEXTENTS 1 MAXEXTENTS 2147483645
  PCTINCREASE 0 FREELISTS 1 FREELIST GROUPS 1 BUFFER_POOL DEFAULT FLASH_CACHE DEFAULT CELL_FLASH_CACHE DEFAULT)
  TABLESPACE "SYSTEM"  ENABLE
  ALTER TABLE "TRAVEL_PROJECT"."TRIP_REVIEWS" ADD CONSTRAINT "CHK_TRIP_RATING" CHECK (RATING BETWEEN 1 AND 5) ENABLE
  ALTER TABLE "TRAVEL_PROJECT"."TRIP_REVIEWS" MODIFY ("USER_ID" NOT NULL ENABLE)
  ALTER TABLE "TRAVEL_PROJECT"."TRIP_REVIEWS" MODIFY ("TRIP_ID" NOT NULL ENABLE)
--------------------------------------------------------
--  Constraints for Table TRIPS
--------------------------------------------------------

  ALTER TABLE "TRAVEL_PROJECT"."TRIPS" ADD CONSTRAINT "PK_TRIPS" PRIMARY KEY ("ID")
  USING INDEX PCTFREE 10 INITRANS 2 MAXTRANS 255 COMPUTE STATISTICS 
  STORAGE(INITIAL 65536 NEXT 1048576 MINEXTENTS 1 MAXEXTENTS 2147483645
  PCTINCREASE 0 FREELISTS 1 FREELIST GROUPS 1 BUFFER_POOL DEFAULT FLASH_CACHE DEFAULT CELL_FLASH_CACHE DEFAULT)
  TABLESPACE "SYSTEM"  ENABLE
  ALTER TABLE "TRAVEL_PROJECT"."TRIPS" MODIFY ("COUNTRY" NOT NULL ENABLE)
  ALTER TABLE "TRAVEL_PROJECT"."TRIPS" MODIFY ("DESTINATION" NOT NULL ENABLE)
  ALTER TABLE "TRAVEL_PROJECT"."TRIPS" MODIFY ("ID" NOT NULL ENABLE)
--------------------------------------------------------
--  Constraints for Table USERS
--------------------------------------------------------

  ALTER TABLE "TRAVEL_PROJECT"."USERS" ADD CONSTRAINT "UK_USERS_PASSWORD" UNIQUE ("PASSWORD")
  USING INDEX PCTFREE 10 INITRANS 2 MAXTRANS 255 COMPUTE STATISTICS 
  STORAGE(INITIAL 65536 NEXT 1048576 MINEXTENTS 1 MAXEXTENTS 2147483645
  PCTINCREASE 0 FREELISTS 1 FREELIST GROUPS 1 BUFFER_POOL DEFAULT FLASH_CACHE DEFAULT CELL_FLASH_CACHE DEFAULT)
  TABLESPACE "SYSTEM"  ENABLE
  ALTER TABLE "TRAVEL_PROJECT"."USERS" ADD CONSTRAINT "UK_USERS_USERNAME" UNIQUE ("USERNAME")
  USING INDEX PCTFREE 10 INITRANS 2 MAXTRANS 255 COMPUTE STATISTICS 
  STORAGE(INITIAL 65536 NEXT 1048576 MINEXTENTS 1 MAXEXTENTS 2147483645
  PCTINCREASE 0 FREELISTS 1 FREELIST GROUPS 1 BUFFER_POOL DEFAULT FLASH_CACHE DEFAULT CELL_FLASH_CACHE DEFAULT)
  TABLESPACE "SYSTEM"  ENABLE
  ALTER TABLE "TRAVEL_PROJECT"."USERS" ADD CONSTRAINT "UK_USERS_EMAIL" UNIQUE ("EMAIL")
  USING INDEX PCTFREE 10 INITRANS 2 MAXTRANS 255 COMPUTE STATISTICS 
  STORAGE(INITIAL 65536 NEXT 1048576 MINEXTENTS 1 MAXEXTENTS 2147483645
  PCTINCREASE 0 FREELISTS 1 FREELIST GROUPS 1 BUFFER_POOL DEFAULT FLASH_CACHE DEFAULT CELL_FLASH_CACHE DEFAULT)
  TABLESPACE "SYSTEM"  ENABLE
  ALTER TABLE "TRAVEL_PROJECT"."USERS" ADD PRIMARY KEY ("ID")
  USING INDEX PCTFREE 10 INITRANS 2 MAXTRANS 255 COMPUTE STATISTICS 
  STORAGE(INITIAL 65536 NEXT 1048576 MINEXTENTS 1 MAXEXTENTS 2147483645
  PCTINCREASE 0 FREELISTS 1 FREELIST GROUPS 1 BUFFER_POOL DEFAULT FLASH_CACHE DEFAULT CELL_FLASH_CACHE DEFAULT)
  TABLESPACE "SYSTEM"  ENABLE
  ALTER TABLE "TRAVEL_PROJECT"."USERS" MODIFY ("LAST_NAME" NOT NULL ENABLE)
  ALTER TABLE "TRAVEL_PROJECT"."USERS" MODIFY ("FIRST_NAME" NOT NULL ENABLE)
  ALTER TABLE "TRAVEL_PROJECT"."USERS" MODIFY ("PASSWORD" NOT NULL ENABLE)
  ALTER TABLE "TRAVEL_PROJECT"."USERS" MODIFY ("EMAIL" NOT NULL ENABLE)
  ALTER TABLE "TRAVEL_PROJECT"."USERS" MODIFY ("USERNAME" NOT NULL ENABLE)
--------------------------------------------------------
--  Ref Constraints for Table CART
--------------------------------------------------------

  ALTER TABLE "TRAVEL_PROJECT"."CART" ADD CONSTRAINT "FK_CART_INSTANCE" FOREIGN KEY ("INSTANCE_ID")
	  REFERENCES "TRAVEL_PROJECT"."TRIP_INSTANCES" ("ID") ENABLE
  ALTER TABLE "TRAVEL_PROJECT"."CART" ADD CONSTRAINT "FK_CART_USER" FOREIGN KEY ("USER_ID")
	  REFERENCES "TRAVEL_PROJECT"."USERS" ("ID") ENABLE
--------------------------------------------------------
--  Ref Constraints for Table ORDERS
--------------------------------------------------------

  ALTER TABLE "TRAVEL_PROJECT"."ORDERS" ADD CONSTRAINT "FK_ORDER_INSTANCE" FOREIGN KEY ("INSTANCE_ID")
	  REFERENCES "TRAVEL_PROJECT"."TRIP_INSTANCES" ("ID") ENABLE
  ALTER TABLE "TRAVEL_PROJECT"."ORDERS" ADD CONSTRAINT "FK_ORDER_USER" FOREIGN KEY ("USER_ID")
	  REFERENCES "TRAVEL_PROJECT"."USERS" ("ID") ENABLE
--------------------------------------------------------
--  Ref Constraints for Table SITE_REVIEWS
--------------------------------------------------------

  ALTER TABLE "TRAVEL_PROJECT"."SITE_REVIEWS" ADD FOREIGN KEY ("USER_ID")
	  REFERENCES "TRAVEL_PROJECT"."USERS" ("ID") ENABLE
--------------------------------------------------------
--  Ref Constraints for Table TRIP_INSTANCES
--------------------------------------------------------

  ALTER TABLE "TRAVEL_PROJECT"."TRIP_INSTANCES" ADD CONSTRAINT "FK_TRIP_MODEL" FOREIGN KEY ("TRIP_MODEL_ID")
	  REFERENCES "TRAVEL_PROJECT"."TRIPS" ("ID") ENABLE
--------------------------------------------------------
--  Ref Constraints for Table TRIP_REVIEWS
--------------------------------------------------------

  ALTER TABLE "TRAVEL_PROJECT"."TRIP_REVIEWS" ADD CONSTRAINT "FK_REVIEW_TRIP" FOREIGN KEY ("TRIP_ID")
	  REFERENCES "TRAVEL_PROJECT"."TRIPS" ("ID") ENABLE
  ALTER TABLE "TRAVEL_PROJECT"."TRIP_REVIEWS" ADD CONSTRAINT "FK_REVIEW_USER" FOREIGN KEY ("USER_ID")
	  REFERENCES "TRAVEL_PROJECT"."USERS" ("ID") ENABLE
